<?xml version="1.0"?>
<doc>
    <assembly>
        <name>Junior.Map</name>
    </assembly>
    <members>
        <member name="T:Junior.Mapping.Adapter.AdapterConventionEligiblePropertyFinder">
            <summary>
            Finds properties that are eligible for being mapped by convention when configuring adapters.
            </summary>
        </member>
        <member name="T:Junior.Mapping.Common.IConventionEligiblePropertyFinder">
            <summary>
            Finds properties that are eligible for being mapped by convention.
            </summary>
        </member>
        <member name="M:Junior.Mapping.Common.IConventionEligiblePropertyFinder.GetEligibleProperties``1">
            <summary>
            Retrieves properties eligible for being mapped by convention.
            </summary>
            <typeparam name="TTarget">The target type.</typeparam>
            <returns>Eligible properties.</returns>
        </member>
        <member name="M:Junior.Mapping.Adapter.AdapterConventionEligiblePropertyFinder.GetEligibleProperties``1">
            <summary>
            Retrieves properties eligible for being mapped by convention.
            </summary>
            <typeparam name="TTarget">The target type.</typeparam>
            <returns>Eligible properties.</returns>
        </member>
        <member name="T:Junior.Mapping.Adapter.AdapterFactoryExtensions">
            <summary>
            Extension methods for the <see cref="T:Junior.Mapping.Adapter.IAdapterFactory`2"/> type.
            </summary>
        </member>
        <member name="M:Junior.Mapping.Adapter.AdapterFactoryExtensions.CreateMany``2(Junior.Mapping.Adapter.IAdapterFactory{``0,``1},System.Collections.Generic.IEnumerable{``0})">
            <summary>
            Creates adapters that adapt <paramref name="sourceInstances"/> to instances of <typeparamref name="TTarget"/>.
            </summary>
            <typeparam name="TSource">The source type.</typeparam>
            <typeparam name="TTarget">The target type.</typeparam>
            <param name="adapterFactory">An adapter factory.</param>
            <param name="sourceInstances"><typeparamref name="TSource"/> instances for which to create adapters.</param>
            <returns>Instances of <typeparamref name="TTarget"/> that are created at runtime.</returns>
            <exception cref="T:System.ArgumentNullException">Thrown when <paramref name="sourceInstances"/> is null.</exception>
        </member>
        <member name="T:Junior.Mapping.Adapter.AdapterFactoryGenerator">
            <summary>
            Generates <see cref="T:Junior.Mapping.Adapter.IAdapterFactory`2"/> instances given a set of mappings.
            </summary>
        </member>
        <member name="F:Junior.Mapping.Adapter.AdapterFactoryGenerator.Instance">
            <summary>
            The singleton instance of <see cref="T:Junior.Mapping.Adapter.AdapterFactoryGenerator"/>.
            </summary>
        </member>
        <member name="M:Junior.Mapping.Adapter.AdapterFactoryGenerator.Generate``2(System.Collections.Generic.IEnumerable{Junior.Mapping.Common.MemberMapping{``0}})">
            <summary>
            Generates an adapter factory given a set of mappings and returns a factory that can be used to create an adapter factory.
            </summary>
            <typeparam name="TSource">The source type.</typeparam>
            <typeparam name="TTargetInterface">The target interface type.</typeparam>
            <param name="memberMappings">Mappings.</param>
            <returns>An <see cref="T:Junior.Mapping.Adapter.IAdapterFactory`2"/> instance that can be used to create the adapter factory.</returns>
            <exception cref="T:System.ArgumentNullException">Thrown when <paramref name="memberMappings"/> is null.</exception>
        </member>
        <member name="M:Junior.Mapping.Adapter.AdapterFactoryGenerator.ValidateMapping``2(System.Collections.Generic.IEnumerable{Junior.Mapping.Common.MemberMapping{``0}})">
            <summary>
            Validates that mappings exist for every public instance property of <typeparamref name="TTargetInterface"/>.
            </summary>
            <param name="memberMappings">Mappings.</param>
            <typeparam name="TSource">The source type.</typeparam>
            <typeparam name="TTargetInterface">The target interface type.</typeparam>
            <exception cref="T:System.ArgumentNullException">Thrown when <paramref name="memberMappings"/> is null.</exception>
            <exception cref="T:System.Exception">Thrown when a property of <typeparamref name="TTargetInterface"/> does not have an associated mapping.</exception>
        </member>
        <member name="T:Junior.Mapping.Adapter.IAdapterFactory`2">
            <summary>
            Represents a way to create an adapter that adapts a <typeparamref name="TSource"/> instance to <typeparamref name="TTarget"/>.
            </summary>
            <typeparam name="TSource">The source type.</typeparam>
            <typeparam name="TTarget">The target type.</typeparam>
        </member>
        <member name="M:Junior.Mapping.Adapter.IAdapterFactory`2.Create(`0)">
            <summary>
            Creates an adapter that adapts <paramref name="source"/> to an instance of <typeparamref name="TTarget"/>.
            </summary>
            <param name="source">An instance of <typeparamref name="TSource"/>.</param>
            <returns>An instance of <typeparamref name="TTarget"/> that is created at runtime.</returns>
        </member>
        <member name="T:Junior.Mapping.Adapter.AdapterFactory`2">
            <summary>
            Creates an adapter that adapts a <typeparamref name="TSource"/> instance to <typeparamref name="TTarget"/> and creates custom mappings at runtime.
            </summary>
            <typeparam name="TSource">The source type.</typeparam>
            <typeparam name="TTarget">The source type.</typeparam>
        </member>
        <member name="T:Junior.Mapping.Adapter.IAdapterFactory">
            <summary>
            Represents a way to create an adapter that adapts an instance of one type to another type.
            </summary>
        </member>
        <member name="M:Junior.Mapping.Adapter.IAdapterFactory.Create(System.Object)">
            <summary>
            Creates an adapter that adapts an instance of one type to another type.
            </summary>
            <param name="source">A source object.</param>
            <returns>The object adapted to another type.</returns>
        </member>
        <member name="T:Junior.Mapping.Common.IMappingProvider">
            <summary>
            Represents a mapping provider that configures mappings between types at runtime.
            </summary>
        </member>
        <member name="M:Junior.Mapping.Common.IMappingProvider.Validate">
            <summary>
            Ensures that mappings are valid.
            </summary>
        </member>
        <member name="M:Junior.Mapping.Adapter.AdapterFactory`2.#ctor">
            <summary>
            Initializes a new instance of the <see cref="T:Junior.Mapping.Adapter.AdapterFactory`2"/> class.
            </summary>
        </member>
        <member name="M:Junior.Mapping.Adapter.AdapterFactory`2.#ctor(Junior.Mapping.Adapter.AdapterFactoryConfiguration{`0,`1})">
            <summary>
            Initializes a new instance of the <see cref="T:Junior.Mapping.Adapter.AdapterFactory`2"/> class.
            </summary>
            <param name="configuration">An adapter factory configuration.</param>
            <exception cref="T:System.ArgumentNullException">Thrown when <paramref name="configuration"/> is null.</exception>
        </member>
        <member name="M:Junior.Mapping.Adapter.AdapterFactory`2.Junior#Mapping#Adapter#IAdapterFactory#Create(System.Object)">
            <summary>
            Use generic overload instead.
            </summary>
        </member>
        <member name="M:Junior.Mapping.Adapter.AdapterFactory`2.Create(`0)">
            <summary>
            Creates an adapter that adapts <paramref name="source"/> to an instance of <typeparamref name="TTarget"/>.
            </summary>
            <param name="source">An instance of <typeparamref name="TSource"/>.</param>
            <returns>an instance of <typeparamref name="TTarget"/> that is created at runtime.</returns>
            <exception cref="T:System.ArgumentNullException">Thrown when source is null.</exception>
        </member>
        <member name="M:Junior.Mapping.Adapter.AdapterFactory`2.Validate">
            <summary>
            Ensures that custom mappings are valid.
            </summary>
        </member>
        <member name="M:Junior.Mapping.Adapter.AdapterFactory`2.ConfigureAdapter(Junior.Mapping.Adapter.AdapterFactoryConfiguration{`0,`1})">
            <summary>
            Allows configuration of custom mappings at runtime through the specified adapter factory configuration.
            </summary>
            <param name="configuration">An adapter factory configuration.</param>
        </member>
        <member name="T:Junior.Mapping.Adapter.ConventionBasedAdapterFactory`2">
            <summary>
            Creates an adapter that adapts a <typeparamref name="TSource"/> instance to <typeparamref name="TTarget"/> and creates custom mappings at runtime.
            </summary>
            <typeparam name="TSource">The source type.</typeparam>
            <typeparam name="TTarget">The source type.</typeparam>
        </member>
        <member name="M:Junior.Mapping.Adapter.ConventionBasedAdapterFactory`2.ConfigureAdapter(Junior.Mapping.Adapter.AdapterFactoryConfiguration{`0,`1})">
            <summary>
            Allows configuration of custom mappings at runtime through the specified adapter factory configuration.
            </summary>
            <param name="configuration">An adapter factory configuration.</param>
            <exception cref="T:System.ArgumentNullException">Thrown when <paramref name="configuration"/> is null.</exception>
        </member>
        <member name="M:Junior.Mapping.Adapter.ConventionBasedAdapterFactory`2.GetConventions">
            <summary>
            Retrieves mapping conventions to use when configuring mappings.
            </summary>
            <returns>The mapping conventions to use when configuring mappings.</returns>
        </member>
        <member name="M:Junior.Mapping.Adapter.ConventionBasedAdapterFactory`2.ConfigureCustomMapping(Junior.Mapping.Adapter.AdapterFactoryConfiguration{`0,`1})">
            <summary>
            Allows configuration of custom mappings at runtime through the specified adapter factory configuration.
            </summary>
            <param name="configuration">An adapter factory configuration.</param>
        </member>
        <member name="T:Junior.Mapping.Adapter.Conventions.NamesMatchAndCanBeAdaptedMappingConvention">
            <summary>
            Maps properties with the same name if the types can be adapted by another adapter factory.
            </summary>
        </member>
        <member name="T:Junior.Mapping.Common.IMappingConvention">
            <summary>
            Represents a way to automatically configure mappings by convention.
            </summary>
        </member>
        <member name="M:Junior.Mapping.Common.IMappingConvention.Apply``2(Junior.Mapping.Common.IConventionEligiblePropertyFinder,Junior.Mapping.Common.IMappingConfiguration{``0,``1})">
            <summary>
            Applies mappings to the specified mapping configuration.
            </summary>
            <typeparam name="TSource">The source type.</typeparam>
            <typeparam name="TTarget">The target type.</typeparam>
            <param name="propertyFinder">An <see cref="T:Junior.Mapping.Common.IConventionEligiblePropertyFinder"/> with which to find eligible properties.</param>
            <param name="configuration">A mapping configuration to which mappings will be applied.</param>
        </member>
        <member name="M:Junior.Mapping.Adapter.Conventions.NamesMatchAndCanBeAdaptedMappingConvention.#ctor(Junior.Mapping.Adapter.IAdapterFactoryLocator)">
            <summary>
            Initializes a new instance of the <see cref="T:Junior.Mapping.Adapter.Conventions.NamesMatchAndCanBeAdaptedMappingConvention"/> class.
            </summary>
            <param name="locator">An adapter factory locator to use when locating adapter factories.</param>
            <exception cref="T:System.ArgumentNullException">Thrown when <paramref name="locator"/> is null.</exception>
        </member>
        <member name="M:Junior.Mapping.Adapter.Conventions.NamesMatchAndCanBeAdaptedMappingConvention.Apply``2(Junior.Mapping.Common.IConventionEligiblePropertyFinder,Junior.Mapping.Common.IMappingConfiguration{``0,``1})">
            <summary>
            Applies mappings to the specified mapping configuration.
            </summary>
            <typeparam name="TSource">The source type.</typeparam>
            <typeparam name="TTarget">The target type.</typeparam>
            <param name="propertyFinder">An <see cref="T:Junior.Mapping.Common.IConventionEligiblePropertyFinder"/> with which to find eligible properties.</param>
            <param name="configuration">A mapping configuration to which mappings will be applied.</param>
            <exception cref="T:System.ArgumentNullException">Thrown when <paramref name="propertyFinder"/> is null.</exception>
            <exception cref="T:System.ArgumentNullException">Thrown when <paramref name="configuration"/> is null.</exception>
        </member>
        <member name="T:Junior.Mapping.Adapter.Conventions.NameAndTypeMatchAdapterMappingConvention">
            <summary>
            Maps properties with the same name and type.
            </summary>
        </member>
        <member name="M:Junior.Mapping.Adapter.Conventions.NameAndTypeMatchAdapterMappingConvention.Apply``2(Junior.Mapping.Common.IConventionEligiblePropertyFinder,Junior.Mapping.Common.IMappingConfiguration{``0,``1})">
            <summary>
            Applies mappings to the specified mapping configuration.
            </summary>
            <typeparam name="TSource">The source type.</typeparam>
            <typeparam name="TTarget">The target type.</typeparam>
            <param name="propertyFinder">An <see cref="T:Junior.Mapping.Common.IConventionEligiblePropertyFinder"/> with which to find eligible properties.</param>
            <param name="configuration">A mapping configuration to which mappings will be applied.</param>
            <exception cref="T:System.ArgumentNullException">Thrown when <paramref name="propertyFinder"/> is null.</exception>
            <exception cref="T:System.ArgumentNullException">Thrown when <paramref name="configuration"/> is null.</exception>
        </member>
        <member name="T:Junior.Mapping.Adapter.DefaultAdapterFactory`2">
            <summary>
            Creates an adapter that adapts a <typeparamref name="TSource"/> instance to <typeparamref name="TTarget"/> and creates custom mappings at runtime.
            </summary>
            <typeparam name="TSource">The source type.</typeparam>
            <typeparam name="TTarget">The source type.</typeparam>
        </member>
        <member name="T:Junior.Mapping.Adapter.RecursiveConventionBasedAdapterFactory`2">
            <summary>
            Creates an adapter that recursively adapts a <typeparamref name="TSource"/> instance to <typeparamref name="TTarget"/> and creates custom mappings at runtime.
            </summary>
            <typeparam name="TSource">The source type.</typeparam>
            <typeparam name="TTarget">The source type.</typeparam>
        </member>
        <member name="M:Junior.Mapping.Adapter.RecursiveConventionBasedAdapterFactory`2.#ctor(Junior.Mapping.Adapter.IAdapterFactoryLocator)">
            <summary>
            Initializes a new instance of the <see cref="T:Junior.Mapping.Adapter.RecursiveConventionBasedAdapterFactory`2"/> class.
            </summary>
            <param name="locator">An adapter factory locator.</param>
            <exception cref="T:System.ArgumentNullException">Thrown when <paramref name="locator"/> is null.</exception>
        </member>
        <member name="M:Junior.Mapping.Adapter.RecursiveConventionBasedAdapterFactory`2.GetConventions">
            <summary>
            Retrieves mapping conventions to use when configuring mappings.
            </summary>
            <returns>The mapping conventions to use when configuring mappings.</returns>
        </member>
        <member name="M:Junior.Mapping.Adapter.DefaultAdapterFactory`2.#ctor(Junior.Mapping.Adapter.IAdapterFactoryLocator)">
            <summary>
            Initializes a new instance of the <see cref="T:Junior.Mapping.Adapter.DefaultAdapterFactory`2"/> class.
            </summary>
            <param name="locator">An adapter factory locator.</param>
        </member>
        <member name="M:Junior.Mapping.Adapter.DefaultAdapterFactory`2.GetConventions">
            <summary>
            Retrieves mapper conventions to use when configuring mappings.
            </summary>
            <returns>The mapper conventions to use when configuring mappings.</returns>
        </member>
        <member name="M:Junior.Mapping.Adapter.DefaultAdapterFactory`2.ConfigureCustomMapping(Junior.Mapping.Adapter.AdapterFactoryConfiguration{`0,`1})">
            <summary>
            Allows configuration of custom mappings at runtime through the specified adapter factory configuration.
            </summary>
            <param name="configuration">An adapter factory configuration.</param>
        </member>
        <member name="T:Junior.Mapping.Adapter.DefaultAdapterFactoryLocator">
            <summary>
            Locates instances of adapter factories.
            </summary>
        </member>
        <member name="T:Junior.Mapping.Adapter.IAdapterFactoryLocator">
            <summary>
            Locates instances of adapter factories.
            </summary>
        </member>
        <member name="M:Junior.Mapping.Adapter.IAdapterFactoryLocator.Locate``2">
            <summary>
            Locates an adapter factory that adapts a <typeparamref name="TSource"/> instance to <typeparamref name="TTarget"/>.
            </summary>
            <typeparam name="TSource">The source type.</typeparam>
            <typeparam name="TTarget">The source type.</typeparam>
            <returns>An adapter factory for the provided types.</returns>
        </member>
        <member name="M:Junior.Mapping.Adapter.IAdapterFactoryLocator.Locate(System.Type,System.Type)">
            <summary>
            Locates an adapter factory that adapts a type to another type.
            </summary>
            <param name="sourceType">The source type.</param>
            <param name="targetType">The target type.</param>
            <returns>An adapter factory for the provided types.</returns>
        </member>
        <member name="M:Junior.Mapping.Adapter.DefaultAdapterFactoryLocator.Locate``2">
            <summary>
            Locates an adapter factory that adapts a <typeparamref name="TSource"/> instance to <typeparamref name="TTarget"/>.
            </summary>
            <typeparam name="TSource">The source type.</typeparam>
            <typeparam name="TTarget">The target type.</typeparam>
            <returns>An adapter factory for the provided types.</returns>
        </member>
        <member name="M:Junior.Mapping.Adapter.DefaultAdapterFactoryLocator.Locate(System.Type,System.Type)">
            <summary>
            Locates an adapter factory that adapts a type to another type.
            </summary>
            <param name="sourceType">The source type.</param>
            <param name="targetType">The target type.</param>
            <returns>An adapter factory for the provided types.</returns>
            <exception cref="T:System.ArgumentNullException">Thrown when <paramref name="sourceType"/> is null.</exception>
            <exception cref="T:System.ArgumentNullException">Thrown when <paramref name="targetType"/> is null.</exception>
        </member>
        <member name="T:Junior.Mapping.Adapter.AdapterFactoryConfiguration`2">
            <summary>
            Stores mapping delegates used to map members of <typeparamref name="TSource"/> to <typeparamref name="TTarget"/>.
            </summary>
            <typeparam name="TSource">The source type.</typeparam>
            <typeparam name="TTarget">The target type.</typeparam>
        </member>
        <member name="T:Junior.Mapping.Common.IMappingConfiguration`2">
            <summary>
            Represents a way to map from <typeparamref name="TSource"/> to <typeparamref name="TTarget"/>.
            </summary>
            <typeparam name="TSource">The source type.</typeparam>
            <typeparam name="TTarget">The target type.</typeparam>
        </member>
        <member name="M:Junior.Mapping.Common.IMappingConfiguration`2.Map``1(System.Linq.Expressions.Expression{System.Func{`1,``0}})">
            <summary>
            Creates a mapping for the member of <typeparamref name="TTarget"/> referenced by the specified LINQ expression.
            </summary>
            <typeparam name="TMember">The type of the target member.</typeparam>
            <param name="expression">A LINQ expression whose body is a <see cref="T:System.Linq.Expressions.MemberExpression"/>.</param>
            <returns>A configurable mapping.</returns>
        </member>
        <member name="M:Junior.Mapping.Common.IMappingConfiguration`2.Map(System.String)">
            <summary>
            Creates a mapping for a member of <typeparamref name="TTarget"/> with the specified name.
            </summary>
            <param name="memberName">The name of a member of <typeparamref name="TTarget"/>.</param>
            <returns>A configurable mapping.</returns>
        </member>
        <member name="P:Junior.Mapping.Common.IMappingConfiguration`2.Mappings">
            <summary>
            Gets configured mappings.
            </summary>
        </member>
        <member name="M:Junior.Mapping.Adapter.AdapterFactoryConfiguration`2.Map``1(System.Linq.Expressions.Expression{System.Func{`1,``0}})">
            <summary>
            Creates a mapping for the member of <typeparamref name="TTarget"/> referenced by the specified LINQ expression.
            </summary>
            <typeparam name="TMember">The type of the target member.</typeparam>
            <param name="expression">A LINQ expression whose body is a <see cref="T:System.Linq.Expressions.MemberExpression"/>.</param>
            <returns>A configurable mapping.</returns>
            <exception cref="T:System.ArgumentNullException">Thrown when <paramref name="expression"/> is null.</exception>
        </member>
        <member name="M:Junior.Mapping.Adapter.AdapterFactoryConfiguration`2.Map(System.String)">
            <summary>
            Creates a mapping for a member of <typeparamref name="TTarget"/> with the specified name.
            </summary>
            <param name="memberName">The name of a member of <typeparamref name="TTarget"/>.</param>
            <returns>A configurable mapping.</returns>
            <exception cref="T:System.ArgumentNullException">Thrown when <paramref name="memberName"/> is null.</exception>
        </member>
        <member name="M:Junior.Mapping.Adapter.AdapterFactoryConfiguration`2.Validate">
            <summary>
            Ensures a <typeparamref name="TSource"/> instance can be mapped to a <typeparamref name="TTarget"/> instance.
            </summary>
        </member>
        <member name="P:Junior.Mapping.Adapter.AdapterFactoryConfiguration`2.Mappings">
            <summary>
            Gets configured mappings.
            </summary>
        </member>
        <member name="T:Junior.Mapping.Common.DefaultMappingConventionsProvider">
            <summary>
            Provides default conventions used by convention-based mappers and adapters.
            </summary>
        </member>
        <member name="P:Junior.Mapping.Common.DefaultMappingConventionsProvider.DefaultConventions">
            <summary>
            Gets default conventions used by convention-based mappers and adapters.
            </summary>
        </member>
        <member name="T:Junior.Mapping.Common.EnumerableExtensions">
            <summary>
            Extensions for the <see cref="T:System.Collections.Generic.IEnumerable`1"/> type.
            </summary>
        </member>
        <member name="M:Junior.Mapping.Common.EnumerableExtensions.FindMatchingProperty(System.Collections.Generic.IEnumerable{System.Reflection.PropertyInfo},System.String)">
            <summary>
            Finds a property that matches the specified property name. Case-sensitive matches are favored over case-insensitive matches.
            </summary>
            <param name="propertyInfos"><see cref="T:System.Reflection.PropertyInfo"/> instances to search.</param>
            <param name="propertyName">The property name for which to search.</param>
            <returns>The best-matching property if exactly one was found; otherwise, null.</returns>
            <exception cref="T:System.ArgumentNullException">Thrown when <paramref name="propertyInfos"/> is null.</exception>
            <exception cref="T:System.ArgumentNullException">Thrown when <paramref name="propertyName"/> is null.</exception>
        </member>
        <member name="T:Junior.Mapping.Common.IMapperLocator">
            <summary>
            Locates instances of mappers.
            </summary>
        </member>
        <member name="M:Junior.Mapping.Common.IMapperLocator.Locate``2">
            <summary>
            Locates a mapper that maps a <typeparamref name="TSource"/> instance to <typeparamref name="TTarget"/>.
            </summary>
            <typeparam name="TSource">The source type.</typeparam>
            <typeparam name="TTarget">The source type.</typeparam>
            <returns>A mapper for the provided types.</returns>
        </member>
        <member name="M:Junior.Mapping.Common.IMapperLocator.Locate(System.Type,System.Type)">
            <summary>
            Locates a mapper that adapts a type to another type.
            </summary>
            <param name="sourceType">The source type.</param>
            <param name="targetType">The target type.</param>
            <returns>An adapter factory for the provided types.</returns>
        </member>
        <member name="T:Junior.Mapping.Common.IMapping`2">
            <summary>
            Represents a way to configure a mapping for a property of <typeparamref name="TSource"/>.
            </summary>
            <typeparamref name="TMember">The type of the target member.</typeparamref>
            <typeparamref name="TSource">The source type.</typeparamref>
        </member>
        <member name="M:Junior.Mapping.Common.IMapping`2.From(System.Func{`0,`1})">
            <summary>
            Provides a delegate that retrieves the value of the member.
            </summary>
            <typeparamref name="TMember">The type of the target member.</typeparamref>
            <param name="valueDelegate">A <see cref="T:System.Func`2"/> that retrieves the value of the member.</param>
        </member>
        <member name="P:Junior.Mapping.Common.IMapping`2.MemberName">
            <summary>
            The name of the member being mapped.
            </summary>
        </member>
        <member name="T:Junior.Mapping.Common.MappingConfigurationHelper`2">
            <summary>
            Stores mapping delegates used to map members of <typeparamref name="TSource"/> to <typeparamref name="TTarget"/>.
            </summary>
            <typeparam name="TSource">The source type.</typeparam>
            <typeparam name="TTarget">The target type.</typeparam>
        </member>
        <member name="M:Junior.Mapping.Common.MappingConfigurationHelper`2.Map``1(System.Linq.Expressions.Expression{System.Func{`1,``0}})">
            <summary>
            Creates a mapping for the member of <typeparamref name="TTarget"/> referenced by the specified LINQ expression.
            </summary>
            <typeparam name="TMember">The type of the target member.</typeparam>
            <param name="expression">A LINQ expression whose body is a <see cref="T:System.Linq.Expressions.MemberExpression"/>.</param>
            <returns>A configurable mapping.</returns>
            <exception cref="T:System.ArgumentNullException">Thrown when <paramref name="expression"/> is null.</exception>
        </member>
        <member name="M:Junior.Mapping.Common.MappingConfigurationHelper`2.Map(System.String)">
            <summary>
            Creates a mapping for a member of <typeparamref name="TTarget"/> with the specified name.
            </summary>
            <param name="memberName">The name of a member of <typeparamref name="TTarget"/>.</param>
            <returns>A configurable mapping.</returns>
            <exception cref="T:System.ArgumentNullException">Thrown when <paramref name="memberName"/> is null.</exception>
        </member>
        <member name="M:Junior.Mapping.Common.MappingConfigurationHelper`2.Validate(System.Func{System.Reflection.PropertyInfo,System.Boolean})">
            <summary>
            Ensures a <typeparamref name="TSource"/> instance can be mapped to a <typeparamref name="TTarget"/> instance.
            </summary>
            <param name="propertyValidationDelegate">An optional delegate that validates properties.</param>
            <exception cref="T:System.Exception">Thrown when mapping validation fails.</exception>
        </member>
        <member name="M:Junior.Mapping.Common.MappingConfigurationHelper`2.SetMapping(System.String,Junior.Mapping.Common.MemberMapping{`0})">
            <summary>
            Sets a mapping for the specified member name.
            </summary>
            <param name="memberName">The name of a member of <typeparamref name="TTarget"/>.</param>
            <param name="mapping">A member mapping.</param>
        </member>
        <member name="P:Junior.Mapping.Common.MappingConfigurationHelper`2.Mappings">
            <summary>
            Gets configured mappings.
            </summary>
        </member>
        <member name="T:Junior.Mapping.Common.MemberMapping`1">
            <summary>
            Provides a delegate used to retrieve the associated member's value.
            </summary>
            <typeparamref name="TSource">The type of the source member.</typeparamref>
        </member>
        <member name="M:Junior.Mapping.Common.MemberMapping`1.#ctor(System.String,System.Func{`0,System.Object})">
            <summary>
            Initializes a new instance of the <see cref="T:Junior.Mapping.Common.MemberMapping`1"/> class.
            </summary>
            <param name="memberName">A member name.</param>
            <param name="valueDelegate">A delegate that returns the value of the member.</param>
            <exception cref="T:System.ArgumentNullException">Thrown when <paramref name="memberName"/> is null.</exception>
            <exception cref="T:System.ArgumentNullException">Thrown when <paramref name="valueDelegate"/> is null.</exception>
        </member>
        <member name="P:Junior.Mapping.Common.MemberMapping`1.MemberName">
            <summary>
            Gets the member name.
            </summary>
        </member>
        <member name="P:Junior.Mapping.Common.MemberMapping`1.ValueDelegate">
            <summary>
            Gets a delegate that returns the member's value.
            </summary>
        </member>
        <member name="T:Junior.Mapping.Mapper.ConventionBasedBidirectionalMapper`2">
            <summary>
            Maps bi-directionally between two types and allows creation of custom mappings at runtime.
            </summary>
        </member>
        <member name="T:Junior.Mapping.Mapper.BidirectionalMapper`2">
            <summary>
            Maps bi-directionally between two types and allows creation of custom mappings at runtime.
            </summary>
        </member>
        <member name="T:Junior.Mapping.Mapper.Mapper`2">
            <summary>
            Maps a source object to a target object and allows creation of custom mappings at runtime.
            </summary>
            <typeparam name="TSource">A source type.</typeparam>
            <typeparam name="TTarget">A target type.</typeparam>
        </member>
        <member name="T:Junior.Mapping.Mapper.IMapper`2">
            <summary>
            Represents a way to map a source object to a target object.
            </summary>
            <typeparam name="TSource">The source type.</typeparam>
            <typeparam name="TTarget">The target type.</typeparam>
        </member>
        <member name="M:Junior.Mapping.Mapper.IMapper`2.Map(`0,`1)">
            <summary>
            Maps a source object to a target object.
            </summary>
            <param name="source">The source object.</param>
            <param name="target">The target object.</param>
        </member>
        <member name="T:Junior.Mapping.Mapper.IMapper">
            <summary>
            Represents a way to map a source object to a target object.
            </summary>
        </member>
        <member name="M:Junior.Mapping.Mapper.IMapper.Map(System.Object,System.Object)">
            <summary>
            Maps a source object to a target object.
            </summary>
            <param name="source">The source object.</param>
            <param name="target">The target object.</param>
        </member>
        <member name="M:Junior.Mapping.Mapper.Mapper`2.#ctor">
            <summary>
            Initializes a new instance of the <see cref="T:Junior.Mapping.Mapper.Mapper`2"/> class.
            </summary>
        </member>
        <member name="M:Junior.Mapping.Mapper.Mapper`2.#ctor(Junior.Mapping.Mapper.MapperConfiguration{`0,`1})">
            <summary>
            Initializes a new instance of the <see cref="T:Junior.Mapping.Mapper.Mapper`2"/> class.
            </summary>
            <param name="configuration">The mapper configuration to use for mappings.</param>
            <exception cref="T:System.ArgumentNullException">Thrown when <paramref name="configuration"/> is null.</exception>
        </member>
        <member name="M:Junior.Mapping.Mapper.Mapper`2.Map(`0,`1)">
            <summary>
            Maps a source object to a target object.
            </summary>
            <param name="source">The source object.</param>
            <param name="target">The target object.</param>
        </member>
        <member name="M:Junior.Mapping.Mapper.Mapper`2.Validate">
            <summary>
            Ensures that mappings are valid.
            </summary>
        </member>
        <member name="M:Junior.Mapping.Mapper.Mapper`2.ConfigureMapper(Junior.Mapping.Mapper.MapperConfiguration{`0,`1})">
            <summary>
            Allows configuration of custom mappings at runtime through the specified mapper configuration.
            </summary>
            <param name="configuration">A mapper configuration.</param>
        </member>
        <member name="M:Junior.Mapping.Mapper.BidirectionalMapper`2.#ctor">
            <summary>
            Initializes a new instance of the <see cref="T:Junior.Mapping.Mapper.BidirectionalMapper`2"/> class.
            </summary>
        </member>
        <member name="M:Junior.Mapping.Mapper.BidirectionalMapper`2.#ctor(Junior.Mapping.Mapper.MapperConfiguration{`0,`1},Junior.Mapping.Mapper.MapperConfiguration{`1,`0})">
            <summary>
            Initializes a new instance of the <see cref="T:Junior.Mapping.Mapper.BidirectionalMapper`2"/> class.
            <param name="configuration">A mapper configuration.</param>
            <param name="reverseConfiguration">A mapper configuration.</param>
            </summary>
        </member>
        <member name="M:Junior.Mapping.Mapper.BidirectionalMapper`2.Map(`1,`0)">
            <summary>
            Maps a source object to a target object.
            </summary>
            <param name="source">The source object.</param>
            <param name="target">The target object.</param>
        </member>
        <member name="M:Junior.Mapping.Mapper.BidirectionalMapper`2.Validate">
            <summary>
            Ensures that mappings are valid.
            </summary>
        </member>
        <member name="M:Junior.Mapping.Mapper.BidirectionalMapper`2.ConfigureMapper(Junior.Mapping.Mapper.MapperConfiguration{`1,`0})">
            <summary>
            Allows configuration of custom mappings at runtime through the specified mapper configuration.
            </summary>
            <param name="configuration">A mapper configuration.</param>
        </member>
        <member name="M:Junior.Mapping.Mapper.ConventionBasedBidirectionalMapper`2.ConfigureMapper(Junior.Mapping.Mapper.MapperConfiguration{`0,`1})">
            <summary>
            Allows configuration of custom mappings at runtime through the specified mapper configuration.
            </summary>
            <param name="configuration">A mapper configuration.</param>
        </member>
        <member name="M:Junior.Mapping.Mapper.ConventionBasedBidirectionalMapper`2.ConfigureMapper(Junior.Mapping.Mapper.MapperConfiguration{`1,`0})">
            <summary>
            Allows configuration of custom mappings at runtime through the specified mapper configuration.
            </summary>
            <param name="configuration">A mapper configuration.</param>
        </member>
        <member name="M:Junior.Mapping.Mapper.ConventionBasedBidirectionalMapper`2.GetConventions">
            <summary>
            Retrieves mapper conventions to use when configuring mappings.
            </summary>
            <returns>The mapper conventions to use when configuring mappings.</returns>
        </member>
        <member name="M:Junior.Mapping.Mapper.ConventionBasedBidirectionalMapper`2.ConfigureCustomMapping(Junior.Mapping.Mapper.MapperConfiguration{`0,`1})">
            <summary>
            Allows configuration of custom mappings at runtime through the specified mapper configuration.
            </summary>
            <param name="configuration">A mapper configuration.</param>
        </member>
        <member name="M:Junior.Mapping.Mapper.ConventionBasedBidirectionalMapper`2.ConfigureCustomMapping(Junior.Mapping.Mapper.MapperConfiguration{`1,`0})">
            <summary>
            Allows configuration of custom mappings at runtime through the specified mapper configuration.
            </summary>
            <param name="configuration">A mapper configuration.</param>
        </member>
        <member name="T:Junior.Mapping.Mapper.DefaultMapper`2">
            <summary>
            Maps a source object to a target object using common conventions, but does not allow creation of custom mappings at runtime.
            </summary>
            <typeparam name="TSource">The source type.</typeparam>
            <typeparam name="TTarget">The target type.</typeparam>
        </member>
        <member name="T:Junior.Mapping.Mapper.ConventionBasedMapper`2">
            <summary>
            Maps a source object to a target object and allows creation of custom mappings at runtime.
            </summary>
            <typeparam name="TSource">The source type.</typeparam>
            <typeparam name="TTarget">The target type.</typeparam>
        </member>
        <member name="M:Junior.Mapping.Mapper.ConventionBasedMapper`2.ConfigureMapper(Junior.Mapping.Mapper.MapperConfiguration{`0,`1})">
            <summary>
            Allows configuration of custom mappings at runtime through the specified mapper configuration.
            </summary>
            <param name="configuration">A mapper configuration.</param>
            <exception cref="T:System.ArgumentNullException">Thrown when <paramref name="configuration"/> is null.</exception>
        </member>
        <member name="M:Junior.Mapping.Mapper.ConventionBasedMapper`2.GetConventions">
            <summary>
            Retrieves mapper conventions to use when configuring mappings.
            </summary>
            <returns>The mapper conventions to use when configuring mappings.</returns>
        </member>
        <member name="M:Junior.Mapping.Mapper.ConventionBasedMapper`2.ConfigureCustomMapping(Junior.Mapping.Mapper.MapperConfiguration{`0,`1})">
            <summary>
            Allows configuration of custom mappings at runtime through the specified mapper configuration.
            </summary>
            <param name="configuration">A mapper configuration.</param>
        </member>
        <member name="M:Junior.Mapping.Mapper.DefaultMapper`2.GetConventions">
            <summary>
            Retrieves mapper conventions to use when configuring mappings.
            </summary>
            <returns>The mapper conventions to use when configuring mappings.</returns>
        </member>
        <member name="M:Junior.Mapping.Mapper.DefaultMapper`2.ConfigureCustomMapping(Junior.Mapping.Mapper.MapperConfiguration{`0,`1})">
            <summary>
            Allows configuration of custom maps at runtime through the specified mapper configuration.
            </summary>
            <param name="configuration">A mapper configuration.</param>
        </member>
        <member name="T:Junior.Mapping.Mapper.DefaultBidirectionalMapper`2">
            <summary>
            Maps bi-directionally between two types and allows creation of custom mappings at runtime.
            </summary>
        </member>
        <member name="M:Junior.Mapping.Mapper.DefaultBidirectionalMapper`2.GetConventions">
            <summary>
            Retrieves mapper conventions to use when configuring mappings.
            </summary>
            <returns>The mapper conventions to use when configuring mappings.</returns>
        </member>
        <member name="M:Junior.Mapping.Mapper.DefaultBidirectionalMapper`2.ConfigureCustomMapping(Junior.Mapping.Mapper.MapperConfiguration{`0,`1})">
            <summary>
            Allows configuration of custom mappings at runtime through the specified <see cref="T:Junior.Mapping.Mapper.MapperConfiguration`2"/> instance.
            </summary>
            <param name="configuration">A mapper configuration.</param>
        </member>
        <member name="M:Junior.Mapping.Mapper.DefaultBidirectionalMapper`2.ConfigureCustomMapping(Junior.Mapping.Mapper.MapperConfiguration{`1,`0})">
            <summary>
            Allows configuration of custom mappings at runtime through the specified <see cref="T:Junior.Mapping.Mapper.MapperConfiguration`2"/> instance.
            </summary>
            <param name="configuration">A mapper configuration.</param>
        </member>
        <member name="T:Junior.Mapping.Mapper.DefaultMapperLocator">
            <summary>
            Locates instances of mappers.
            </summary>
        </member>
        <member name="M:Junior.Mapping.Mapper.DefaultMapperLocator.Locate``2">
            <summary>
            Locates a mapper that maps a <typeparamref name="TSource"/> instance to <typeparamref name="TTarget"/>.
            </summary>
            <typeparam name="TSource">The source type.</typeparam>
            <typeparam name="TTarget">The target type.</typeparam>
            <returns>A mapper for the provided types.</returns>
        </member>
        <member name="M:Junior.Mapping.Mapper.DefaultMapperLocator.Locate(System.Type,System.Type)">
            <summary>
            Locates a mapper that adapts a type to another type.
            </summary>
            <param name="sourceType">The source type.</param>
            <param name="targetType">The target type.</param>
            <returns>An adapter factory for the provided types.</returns>
            <exception cref="T:System.ArgumentNullException">Thrown when <paramref name="sourceType"/> is null.</exception>
            <exception cref="T:System.ArgumentNullException">Thrown when <paramref name="targetType"/> is null.</exception>
        </member>
        <member name="T:Junior.Mapping.Mapper.MappingConventionAdapter">
            <summary>
            Adapts an instance of <see cref="T:Junior.Mapping.Common.IMappingConvention"/> to <see cref="T:Junior.Mapping.Mapper.IMapperConvention"/> by encapsulation.
            </summary>
        </member>
        <member name="T:Junior.Mapping.Mapper.IMapperConvention">
            <summary>
            Represents a way to automatically configure mappings by convention.
            </summary>
        </member>
        <member name="M:Junior.Mapping.Mapper.IMapperConvention.Apply``2(Junior.Mapping.Common.IConventionEligiblePropertyFinder,Junior.Mapping.Mapper.MapperConfiguration{``0,``1})">
            <summary>
            Applies mappings to the specified mapping configuration.
            </summary>
            <typeparam name="TSource">The source type.</typeparam>
            <typeparam name="TTarget">The target type.</typeparam>
            <param name="propertyFinder">An <see cref="T:Junior.Mapping.Common.IConventionEligiblePropertyFinder"/> with which to find eligible properties.</param>
            <param name="configuration">A mapper configuration to which mappings will be applied.</param>
        </member>
        <member name="M:Junior.Mapping.Mapper.MappingConventionAdapter.#ctor(Junior.Mapping.Common.IMappingConvention)">
            <summary>
            Initializes a new instance of the <see cref="T:Junior.Mapping.Mapper.MappingConventionAdapter"/> class.
            </summary>
            <param name="mappingConvention">The mapping convention to encapsulate.</param>
        </member>
        <member name="M:Junior.Mapping.Mapper.MappingConventionAdapter.Apply``2(Junior.Mapping.Common.IConventionEligiblePropertyFinder,Junior.Mapping.Mapper.MapperConfiguration{``0,``1})">
            <summary>
            Applies mappings to the specified mapping configuration.
            </summary>
            <typeparam name="TSource">The source type.</typeparam>
            <typeparam name="TTarget">The target type.</typeparam>
            <param name="propertyFinder">An <see cref="T:Junior.Mapping.Common.IConventionEligiblePropertyFinder"/> with which to find eligible properties.</param>
            <param name="configuration">A mapper configuration to which mappings will be applied.</param>
        </member>
        <member name="T:Junior.Mapping.Mapper.EnumerableExtensions">
            <summary>
            Extensions for the <see cref="T:System.Collections.Generic.IEnumerable`1"/> type.
            </summary>
        </member>
        <member name="M:Junior.Mapping.Mapper.EnumerableExtensions.AsMapperConventions(System.Collections.Generic.IEnumerable{Junior.Mapping.Common.IMappingConvention})">
            <summary>
            Adapts <see cref="T:Junior.Mapping.Common.IMappingConvention"/> instances to <see cref="T:Junior.Mapping.Mapper.IMapperConvention"/> instances.
            </summary>
            <param name="mappingConventions">The mapping conventions to adapt.</param>
            <returns>The adapted mapper conventions.</returns>
        </member>
        <member name="T:Junior.Mapping.Mapper.MapperConventionEligiblePropertyFinder">
            <summary>
            Finds properties that are eligible for being mapped by convention when configuring mappers.
            </summary>
        </member>
        <member name="M:Junior.Mapping.Mapper.MapperConventionEligiblePropertyFinder.GetEligibleProperties``1">
            <summary>
            Retrieves properties eligible for being mapped by convention.
            </summary>
            <typeparam name="TTarget">The target type.</typeparam>
            <returns>Eligible properties.</returns>
        </member>
        <member name="T:Junior.Mapping.Common.DefaultEnumerationMapper`2">
            <summary>
            Maps a <typeparamref name="TSource"/> enum value to an equivalent <typeparamref name="TTarget"/> enum value
            if <typeparamref name="TSource"/> and <typeparamref name="TTarget"/> have the same fields.
            <see cref="T:Junior.Mapping.Common.DefaultEnumerationMapper`2"/> automatically configures mappings and does not allow customization.
            Supports enum types and their nullable equivalents. <typeparamref name="TSource"/> and <typeparamref name="TTarget"/> must be either both nullable or both non-nullable.
            </summary>
            <typeparam name="TSource">The source enum type.</typeparam>
            <typeparam name="TTarget">The target enum type.</typeparam>
        </member>
        <member name="M:Junior.Mapping.Common.DefaultEnumerationMapper`2.#ctor">
            <summary>
            Initializes a new instance of the <see cref="T:Junior.Mapping.Common.DefaultEnumerationMapper`2"/> class.
            </summary>
            <exception cref="T:Junior.Common.InvalidGenericTypeArgumentException">Thrown when <typeparamref name="TSource"/> is nullable but <typeparamref name="TTarget"/> is non-nullable.</exception>
            <exception cref="T:Junior.Common.InvalidGenericTypeArgumentException">Thrown when <typeparamref name="TSource"/> is nullable but <typeparamref name="TTarget"/> is non-nullable.</exception>
            <exception cref="T:Junior.Common.InvalidGenericTypeArgumentException">Thrown when <typeparamref name="TSource"/> is not an enum.</exception>
            <exception cref="T:Junior.Common.InvalidGenericTypeArgumentException">Thrown when <typeparamref name="TTarget"/> is not an enum.</exception>
        </member>
        <member name="M:Junior.Mapping.Common.DefaultEnumerationMapper`2.Validate">
            <summary>
            Ensures that mappings are valid.
            </summary>
        </member>
        <member name="M:Junior.Mapping.Common.DefaultEnumerationMapper`2.GetMappedValue(`0)">
            <summary>
            Returns a target value equivalent to the specified source value.
            </summary>
            <param name="value">The value of <typeparamref name="TSource"/> to map.</param>
            <returns>A <typeparamref name="TTarget"/> value equivalent to <paramref name="value"/>.</returns>
        </member>
        <member name="M:Junior.Mapping.Common.DefaultEnumerationMapper`2.ConfigureMapper">
            <summary>
            Automatically configures mappings from <typeparamref name="TSource"/> to <typeparamref name="TTarget"/>.
            </summary>
            <exception cref="T:System.Exception">Thrown when <typeparamref name="TTarget"/> contains unmapped values.</exception>
        </member>
        <member name="T:Junior.Mapping.Mapper.IMapperMapping`3">
            <summary>
            Represents ways to configure mappings for a property of <typeparamref name="TSource"/> when using a mapper.
            </summary>
            <typeparamref name="TSource">The source type.</typeparamref>
            <typeparamref name="TTarget">The target type.</typeparamref>
            <typeparamref name="TMember">The member type to map.</typeparamref>
        </member>
        <member name="M:Junior.Mapping.Mapper.IMapperMapping`3.ByInvoking(System.Action{`1,`0})">
            <summary>
            Provides a delegate that maps the member.
            </summary>
            <param name="mapDelegate">An <see cref="T:System.Action`2"/> that maps the member.</param>
        </member>
        <member name="M:Junior.Mapping.Mapper.IMapperMapping`3.ByIgnoring">
            <summary>
            Ignores the member when mapping.
            </summary>
        </member>
        <member name="M:Junior.Mapping.Mapper.IMapperMapping`3.ByDelegatingTo``2(System.Func{`0,``0},Junior.Mapping.Mapper.IMapper{``0,``1})">
            <summary>
            Maps the member by constructing a new instance of <typeparamref name="TMapperTarget"/> and delegating the actual mapping to the provided mapper.
            </summary>
            <param name="memberAccessDelegate">A <see cref="T:System.Func`2"/> that retrieves an instance of type <typeparamref name="TMapperSource"/> from the source instance.</param>
            <param name="mapper">The mapper accepting the delegated mapping.</param>
            <typeparam name="TMapperSource">The type of mapper accepting the delegated mapping.</typeparam>
            <typeparam name="TMapperTarget">The member type to map.</typeparam>
        </member>
        <member name="M:Junior.Mapping.Mapper.IMapperMapping`3.And(System.Linq.Expressions.Expression{System.Func{`1,`2}})">
            <summary>
            Maps the member with another member.
            </summary>
            <param name="expression">A LINQ expression whose body is a <see cref="T:System.Linq.Expressions.MemberExpression"/>.</param>
            <returns>A mapper that can configure the mapping.</returns>
        </member>
        <member name="T:Junior.Mapping.Mapper.MapperConfiguration`2">
            <summary>
            Stores mapping delegates used to map members of <typeparamref name="TSource"/> to <typeparamref name="TTarget"/>.
            </summary>
            <typeparam name="TSource">The source type.</typeparam>
            <typeparam name="TTarget">The target type.</typeparam>
        </member>
        <member name="M:Junior.Mapping.Mapper.MapperConfiguration`2.Map``1(System.Linq.Expressions.Expression{System.Func{`1,``0}})">
            <summary>
            Creates a mapping for the member of <typeparamref name="TTarget"/> referenced by the specified LINQ expression.
            </summary>
            <typeparam name="TMember">The type of the target member.</typeparam>
            <param name="expression">A LINQ expression whose body is a <see cref="T:System.Linq.Expressions.MemberExpression"/>.</param>
            <returns>A configurable mapping.</returns>
            <exception cref="T:System.ArgumentNullException">Thrown when <paramref name="expression"/> is null.</exception>
        </member>
        <member name="M:Junior.Mapping.Mapper.MapperConfiguration`2.Map(System.String)">
            <summary>
            Creates a mapping for a member of <typeparamref name="TTarget"/> with the specified name.
            </summary>
            <param name="memberName">The name of a member of <typeparamref name="TTarget"/>.</param>
            <returns>A configurable mapping.</returns>
            <exception cref="T:System.ArgumentNullException">Thrown when <paramref name="memberName"/> is null.</exception>
        </member>
        <member name="M:Junior.Mapping.Mapper.MapperConfiguration`2.AddCustomActionDelegate(System.Action{`1,`0})">
            <summary>
            Adds the specified delegate as a custom mapping delegate.
            </summary>
            <param name="customDelegate">A delegate.</param>
            <exception cref="T:System.ArgumentNullException">Thrown when <paramref name="customDelegate"/> is null.</exception>
        </member>
        <member name="M:Junior.Mapping.Mapper.MapperConfiguration`2.Validate">
            <summary>
            Ensures a <typeparamref name="TSource"/> instance can be mapped to a <typeparamref name="TTarget"/> instance.
            </summary>
        </member>
        <member name="P:Junior.Mapping.Mapper.MapperConfiguration`2.Actions">
            <summary>
            Gets configured mapping actions.
            </summary>
        </member>
        <member name="P:Junior.Mapping.Mapper.MapperConfiguration`2.Mappings">
            <summary>
            Gets configured mappings.
            </summary>
        </member>
        <member name="M:Junior.Mapping.Mapper.MapperConfiguration`2.MapperMapping`1.From(System.Func{`0,`2})">
            <summary>
            Provides a delegate that retrieves the value of the member.
            </summary>
            <param name="valueDelegate">A <see cref="T:System.Func`2"/> that retrieves the value of the member.</param>
            <exception cref="T:System.ArgumentNullException">Thrown when <paramref name="valueDelegate"/> is null.</exception>
        </member>
        <member name="M:Junior.Mapping.Mapper.MapperConfiguration`2.MapperMapping`1.ByInvoking(System.Action{`1,`0})">
            <summary>
            Provides a delegate that maps the member.
            </summary>
            <param name="mapDelegate">An <see cref="T:System.Action`2"/> that maps the member.</param>
            <exception cref="T:System.ArgumentNullException">Thrown when <paramref name="mapDelegate"/> is null.</exception>
        </member>
        <member name="M:Junior.Mapping.Mapper.MapperConfiguration`2.MapperMapping`1.ByIgnoring">
            <summary>
            Ignores the member when performing a mapping.
            </summary>
        </member>
        <member name="M:Junior.Mapping.Mapper.MapperConfiguration`2.MapperMapping`1.ByDelegatingTo``2(System.Func{`0,``0},Junior.Mapping.Mapper.IMapper{``0,``1})">
            <summary>
            Maps the member by constructing a new instance of <typeparamref name="TMapperTarget"/> and delegating the actual mapping to the provided mapper.
            </summary>
            <param name="memberAccessDelegate">A <see cref="T:System.Func`2"/> that retrieves an instance of type <typeparamref name="TMapperSource"/> from the source instance.</param>
            <param name="mapper">The mapper accepting the delegated mapping.</param>
            <typeparam name="TMapperSource">The type of mapper accepting the delegated mapping.</typeparam>
            <typeparam name="TMapperTarget">The member type to map.</typeparam>
            <exception cref="T:System.ArgumentNullException">Thrown when <paramref name="memberAccessDelegate"/> is null.</exception>
            <exception cref="T:System.ArgumentNullException">Thrown when <paramref name="mapper"/> is null.</exception>
        </member>
        <member name="M:Junior.Mapping.Mapper.MapperConfiguration`2.MapperMapping`1.Junior#Mapping#Mapper#IMapperMapping{TSource@TTarget@TMember}#And(System.Linq.Expressions.Expression{System.Func{`1,`2}})">
            <summary>
            Maps the member with another member.
            </summary>
            <param name="expression">A LINQ expression whose body is a <see cref="T:System.Linq.Expressions.MemberExpression"/>.</param>
            <returns>A mapper that can configure the mapping.</returns>
            <exception cref="T:System.ArgumentNullException">Thrown when <paramref name="expression"/> is null.</exception>
            <exception cref="T:System.ArgumentException">Thrown when the body of <paramref name="expression"/> is not a <see cref="T:System.Linq.Expressions.MemberExpression"/>.</exception>
        </member>
        <member name="P:Junior.Mapping.Mapper.MapperConfiguration`2.MapperMapping`1.MemberName">
            <summary>
            The name of the member being mapped.
            </summary>
        </member>
        <member name="T:Junior.Mapping.Mapper.MappingMethodGenerator">
            <summary>
            Generates a mapping method for <see cref="T:Junior.Mapping.Mapper.MemberMappingAction`2"/> instances and <see cref="T:Junior.Mapping.Common.MemberMapping`1"/> instances contained in a mapper configuration.
            </summary>
        </member>
        <member name="M:Junior.Mapping.Mapper.MappingMethodGenerator.GenerateMappingMethod``2(Junior.Mapping.Mapper.MapperConfiguration{``0,``1})">
            <summary>
            Generates a delegate that invokes the mappings and actions contained in the specified mapper configuration.
            </summary>
            <typeparam name="TSource">The source type.</typeparam>
            <typeparam name="TTarget">The target type.</typeparam>
            <param name="configuration">A mapper configuration.</param>
            <returns>A delegate that invokes the mappings and actions contained in <paramref name="configuration"/>.</returns>
            <exception cref="T:System.ArgumentNullException">Thrown when <paramref name="configuration"/> is null.</exception>
        </member>
        <member name="T:Junior.Mapping.Common.MappingConventionHelper">
            <summary>
            Provides helper methods to map convention classes.
            </summary>
        </member>
        <member name="F:Junior.Mapping.Common.MappingConventionHelper.Instance">
            <summary>
            A singleton instance of <see cref="T:Junior.Mapping.Common.MappingConventionHelper"/>.
            </summary>
        </member>
        <member name="M:Junior.Mapping.Common.MappingConventionHelper.MapLikeProperties``2(Junior.Mapping.Common.IMappingConfiguration{``0,``1},System.Reflection.PropertyInfo,System.Reflection.PropertyInfo)">
            <summary>
            Maps a property that appears to represent the same value in <typeparamref name="TSource"/> as <typeparamref name="TTarget"/>.
            </summary>
            <param name="configuration">A mapping configuration.</param>
            <param name="sourcePropertyInfo">A property of <typeparamref name="TSource"/>.</param>
            <param name="targetPropertyInfo">A property of <typeparamref name="TTarget"/>.</param>
            <exception cref="T:System.ArgumentNullException">Thrown when <paramref name="configuration"/> is null.</exception>
            <exception cref="T:System.ArgumentNullException">Thrown when <paramref name="sourcePropertyInfo"/> is null.</exception>
            <exception cref="T:System.ArgumentNullException">Thrown when <paramref name="targetPropertyInfo"/> is null.</exception>
        </member>
        <member name="M:Junior.Mapping.Common.MappingConventionHelper.GetPropertyGetter``2(System.Reflection.PropertyInfo)">
            <summary>
            Retrieves a LINQ expression representing the specified property's getter.
            </summary>
            <typeparam name="TSource">The source type.</typeparam>
            <typeparam name="TProperty">The type of the property's value.</typeparam>
            <param name="sourcePropertyInfo">A property of <typeparamref name="TSource"/>.</param>
            <returns>A LINQ expression representing the getter of <paramref name="sourcePropertyInfo"/>.</returns>
            <exception cref="T:System.ArgumentNullException">Thrown when <paramref name="sourcePropertyInfo"/> is null.</exception>
        </member>
        <member name="M:Junior.Mapping.Common.MappingConventionHelper.GetPropertyGetter``1(System.Reflection.PropertyInfo)">
            <summary>
            Retrieves a LINQ expression representing the specified property's getter.
            </summary>
            <typeparam name="TSource">The source type.</typeparam>
            <param name="sourcePropertyInfo">A property of <typeparamref name="TSource"/>.</param>
            <returns>A LINQ expression representing the getter of <paramref name="sourcePropertyInfo"/>.</returns>
            <exception cref="T:System.ArgumentNullException">Thrown when <paramref name="sourcePropertyInfo"/> is null.</exception>
        </member>
        <member name="M:Junior.Mapping.Common.MappingConventionHelper.GetNullSafePropertyEvaluation``1(System.Reflection.PropertyInfo,System.Func{System.Object,System.Object})">
            <summary>
            Gets a null-safe LINQ expression representing null-safe evaluation of a property value.
            If the source property has a null value, the expression will return null; otherwise, the result of a delegate will be returned.
            </summary>
            <param name="sourcePropertyInfo">A <see cref="T:System.Reflection.PropertyInfo"/> instance representing a property of <typeparamref name="TSource"/>.</param>
            <param name="notNullSafeDelegate">A <see cref="T:System.Func`2"/> to execute when the property value is not null.</param>
            <returns>null if the source property has a null value; otherwise, the result of <paramref name="notNullSafeDelegate"/>.</returns>
            <exception cref="T:System.ArgumentNullException">Thrown when <paramref name="sourcePropertyInfo"/> is null.</exception>
            <exception cref="T:System.ArgumentException">Thrown when the declaring type of <paramref name="sourcePropertyInfo"/> is not <typeparamref name="TSource"/>.</exception>
        </member>
        <member name="T:Junior.Mapping.Mapper.Conventions.NameAndTypeMatchMappingConvention">
            <summary>
            Maps properties with the same name and type.
            </summary>
        </member>
        <member name="M:Junior.Mapping.Mapper.Conventions.NameAndTypeMatchMappingConvention.Apply``2(Junior.Mapping.Common.IConventionEligiblePropertyFinder,Junior.Mapping.Mapper.MapperConfiguration{``0,``1})">
            <summary>
            Applies mappings to the specified mapping configuration.
            </summary>
            <typeparam name="TSource">The source type.</typeparam>
            <typeparam name="TTarget">The target type.</typeparam>
            <param name="propertyFinder">An <see cref="T:Junior.Mapping.Common.IConventionEligiblePropertyFinder"/> with which to find eligible properties.</param>
            <param name="configuration">A mapper configuration to which mappings will be applied.</param>
            <exception cref="T:System.ArgumentNullException">Thrown when <paramref name="propertyFinder"/> is null.</exception>
            <exception cref="T:System.ArgumentNullException">Thrown when <paramref name="configuration"/> is null.</exception>
        </member>
        <member name="T:Junior.Mapping.Mapper.Conventions.NamesMatchAndTypeIsEnumMappingConvention">
            <summary>
            Maps properties with the same name and type that are enumerations.
            </summary>
        </member>
        <member name="M:Junior.Mapping.Mapper.Conventions.NamesMatchAndTypeIsEnumMappingConvention.Apply``2(Junior.Mapping.Common.IConventionEligiblePropertyFinder,Junior.Mapping.Mapper.MapperConfiguration{``0,``1})">
            <summary>
            Applies mappings to the specified mapping configuration.
            </summary>
            <typeparam name="TSource">The source type.</typeparam>
            <typeparam name="TTarget">The target type.</typeparam>
            <param name="propertyFinder">An <see cref="T:Junior.Mapping.Common.IConventionEligiblePropertyFinder"/> with which to find eligible properties.</param>
            <param name="configuration">A mapper configuration to which mappings will be applied.</param>
            <exception cref="T:System.ArgumentNullException">Thrown when <paramref name="propertyFinder"/> is null.</exception>
            <exception cref="T:System.ArgumentNullException">Thrown when <paramref name="configuration"/> is null.</exception>
        </member>
        <member name="T:Junior.Mapping.Common.Conventions.OnlyNameMatchesButTypeIsConvertibleMappingConvention">
            <summary>
            Maps properties with the same name and with types that are convertible between each other.
            </summary>
        </member>
        <member name="M:Junior.Mapping.Common.Conventions.OnlyNameMatchesButTypeIsConvertibleMappingConvention.Apply``2(Junior.Mapping.Common.IConventionEligiblePropertyFinder,Junior.Mapping.Common.IMappingConfiguration{``0,``1})">
            <summary>
            Applies mappings to the specified mapping configuration.
            </summary>
            <typeparam name="TSource">The source type.</typeparam>
            <typeparam name="TTarget">The target type.</typeparam>
            <param name="propertyFinder">An <see cref="T:Junior.Mapping.Common.IConventionEligiblePropertyFinder"/> with which to find eligible properties.</param>
            <param name="configuration">A mapping configuration to which mappings will be applied.</param>
            <exception cref="T:System.ArgumentNullException">Thrown when <paramref name="propertyFinder"/> is null.</exception>
            <exception cref="T:System.ArgumentNullException">Thrown when <paramref name="configuration"/> is null.</exception>
        </member>
        <member name="T:Junior.Mapping.Mapper.MemberMappingAction`2">
            <summary>
            Provides a delegate used to retrieve the associated member's value.
            </summary>
            <typeparamref name="TTarget">The type of the target member.</typeparamref>
            <typeparamref name="TSource">The type of the source member.</typeparamref>
        </member>
        <member name="M:Junior.Mapping.Mapper.MemberMappingAction`2.#ctor(System.String,System.Action{`0,`1})">
            <summary>
            Initializes a new instance of the <see cref="T:Junior.Mapping.Mapper.MemberMappingAction`2"/> type.
            </summary>
            <param name="memberName">A member name.</param>
            <param name="mapDelegate">An Action to execute for mapping the member.</param>
        </member>
        <member name="P:Junior.Mapping.Mapper.MemberMappingAction`2.MemberName">
            <summary>
            Gets the member name.
            </summary>
        </member>
        <member name="P:Junior.Mapping.Mapper.MemberMappingAction`2.MapDelegate">
            <summary>
            Gets a delegate that maps a source member to a target member.
            </summary>
        </member>
    </members>
</doc>
